ilce,il,lat,lon
Aladağ,Adana,37.55854,35.40196
Ceyhan,Adana,37.07496,35.83629
Feke,Adana,37.82405,35.91826
Karaisalı,Adana,37.26655,35.05033
Karataş,Adana,36.57186,35.36784
Kozan,Adana,37.5,35.75
Pozantı,Adana,37.43671,34.88057
Saimbeyli,Adana,37.99615,36.09909
Sarıçam,Adana,37.14971,35.50949
Seyhan,Adana,36.9554,35.21637
Tufanbeyli,Adana,38.27343,36.22731
Yumurtalık,Adana,36.78245,35.79949
Yüreğir,Adana,36.88843,35.44285
Çukurova,Adana,37.05627,35.13119
İmamoğlu,Adana,37.275,35.66649
Adıyaman,Adıyaman,37.74454,38.26801
Besni,Adıyaman,37.70142,37.87086
Gerger,Adıyaman,38.02856,39.03281
Gölbaşı,Adıyaman,37.79,37.64989
Kâhta,Adıyaman,37.79477,38.63119
Samsat,Adıyaman,37.58565,38.48946
Sincik,Adıyaman,38.03373,38.61319
Tut,Adıyaman,37.80528,37.92296
Çelikhan,Adıyaman,38.03275,38.23705
Afyonkarahisar,Afyonkarahisar,38.79698,30.51951
Bayat,Afyonkarahisar,38.99183,30.93098
Başmakçı,Afyonkarahisar,37.90713,30.01617
Bolvadin,Afyonkarahisar,38.72062,31.05433
Dazkırı,Afyonkarahisar,37.92682,29.86699
Dinar,Afyonkarahisar,38.07475,30.17113
Emirdağ,Afyonkarahisar,39.0281,31.15461
Evciler,Afyonkarahisar,38.05207,29.89366
Hocalar,Afyonkarahisar,38.58783,29.97162
Kızılören,Afyonkarahisar,38.26794,30.1575
Sandıklı,Afyonkarahisar,38.47344,30.27781
Sinanpaşa,Afyonkarahisar,38.75385,30.24662
Sultandağı,Afyonkarahisar,38.5406,31.23508
Çay,Afyonkarahisar,38.60078,31.03547
Çobanlar,Afyonkarahisar,38.71085,30.78874
İhsaniye,Afyonkarahisar,39.03876,30.42211
İscehisar,Afyonkarahisar,38.939,30.75002
Şuhut,Afyonkarahisar,38.54081,30.55474
Aksaray,Aksaray,38.3706,34.02843
Ağaçören,Aksaray,38.88454,33.92421
Eskil,Aksaray,38.41158,33.41994
Gülağaç,Aksaray,38.40641,34.35071
Güzelyurt,Aksaray,38.28628,34.3619
Ortaköy,Aksaray,38.7477,34.04351
Sarıyahşi,Aksaray,38.99292,33.84676
Sultanhanı,Aksaray,38.24384,33.55207
Amasya,Amasya,40.61939,35.87016
Göynücek,Amasya,40.41008,35.53104
Gümüşhacıköy,Amasya,40.88365,35.22111
Hamamözü,Amasya,40.79539,35.03367
Merzifon,Amasya,40.88348,35.47116
Suluova,Amasya,40.84202,35.65922
Taşova,Amasya,40.76998,36.33092
Akyurt,Ankara,40.1414,33.09743
Altındağ,Ankara,40.0011,32.97022
Ayaş,Ankara,40.02484,32.34089
Bala,Ankara,39.56374,33.12962
Beypazari,Ankara,40.14695,31.91911
Elmadağ,Ankara,39.93117,33.23812
Etimesgut,Ankara,39.96335,32.63744
Evren,Ankara,39.03001,33.79767
Gölbaşı,Ankara,39.80748,32.79419
Güdül,Ankara,40.21954,32.24885
Haymana,Ankara,39.44015,32.48852
Kahramankazan,Ankara,40.16502,32.63904
Kalecik,Ankara,40.10634,33.41973
Keçiören,Ankara,40.02106,32.83102
Kızılcahamam,Ankara,40.48011,32.65546
Mamak,Ankara,39.94587,32.90811
Nallıhan,Ankara,40.19436,31.36316
Polatlı,Ankara,39.47995,32.15507
Pursaklar,Ankara,40.03961,32.90139
Sincan,Ankara,39.95943,32.49567
Yenimahalle,Ankara,39.99043,32.69555
Çamlıdere,Ankara,40.49994,32.47986
Çankaya,Ankara,39.86093,32.84176
Çubuk,Ankara,40.23985,33.04706
Şereflikoçhisar,Ankara,38.9545,33.54801
Akseki,Antalya,37.0582,31.80153
Aksu,Antalya,36.92794,30.82352
Alanya,Antalya,36.56173,32.02309
Demre,Antalya,36.2551,29.99788
Döşemealtı,Antalya,37.02366,30.5904
Elmalı,Antalya,36.74641,29.92324
Finike,Antalya,36.42355,30.06645
Gazipaşa,Antalya,36.28012,32.3057
Gündoğmuş,Antalya,36.82446,32.00679
Kaş,Antalya,36.21207,29.65605
Kemer,Antalya,36.60249,30.48039
Kepez,Antalya,37.01187,30.75966
Konyaaltı,Antalya,36.86424,30.62714
Korkuteli,Antalya,37.07581,30.20293
Kumluca,Antalya,36.58,30.3
Manavgat,Antalya,36.79008,31.46286
Muratpaşa,Antalya,36.87907,30.76859
Serik,Antalya,37.07743,31.00677
İbradı,Antalya,37.10757,31.60969
Ardahan,Ardahan,41.07137,42.72988
Damal,Ardahan,41.3501,42.84582
Göle,Ardahan,40.79404,42.60993
Hanak,Ardahan,41.24365,42.85189
Posof,Ardahan,41.52131,42.73126
Çıldır,Ardahan,41.13783,43.14169
Ardanuç,Artvin,41.13782,42.06668
Arhavi,Artvin,41.34829,41.3195
Artvin,Artvin,41.16591,41.85059
Borçka,Artvin,41.3594,41.67631
Hopa,Artvin,41.40128,41.44798
Kemalpaşa,Artvin,41.4828,41.52909
Murgul,Artvin,41.27934,41.56288
Yusufeli,Artvin,40.82024,41.54234
Şavşat,Artvin,41.24941,42.36936
Bozdoğan,Aydın,37.68064,28.33051
Buharkent,Aydın,37.97398,28.75152
Didim,Aydın,37.39305,27.29357
Efeler,Aydın,37.83835,27.84557
Germencik,Aydın,37.88049,27.61054
Karacasu,Aydın,37.74731,28.59402
Karpuzlu,Aydın,37.56879,27.84071
Koçarlı,Aydın,37.77146,27.71144
Kuyucak,Aydın,37.92335,28.46426
Kuşadası,Aydın,37.84987,27.26966
Köşk,Aydın,37.8634,28.05649
Nazilli,Aydın,37.9357,28.30609
Sultanhisar,Aydın,37.89966,28.17414
Söke,Aydın,37.75864,27.41319
Yenipazar,Aydın,37.83325,28.18442
Çine,Aydın,37.62269,28.06786
İncirliova,Aydın,37.86237,27.72976
Ağrı,Ağrı,39.713,43.05096
Diyadin,Ağrı,39.5488,43.6749
Doğubayazıt,Ağrı,39.55601,44.08912
Eleşkirt,Ağrı,39.81242,42.67955
Hamur,Ağrı,39.61917,42.9928
Patnos,Ağrı,39.24297,42.86736
Taşlıçay,Ağrı,39.64294,43.37683
Tutak,Ağrı,39.55042,42.77572
Altıeylül,Balıkesir,39.64099,27.88639
Ayvalık,Balıkesir,39.32308,26.71156
Balya,Balıkesir,39.7591,27.58631
Bandırma,Balıkesir,40.27282,27.9638
Bigadiç,Balıkesir,39.40249,28.13837
Burhaniye,Balıkesir,39.51095,26.97863
Dursunbey,Balıkesir,39.52907,28.65306
Edremit,Balıkesir,39.60523,27.03208
Erdek,Balıkesir,40.40924,27.8028
Gömeç,Balıkesir,39.39981,26.8511
Gönen,Balıkesir,40.11452,27.67026
Havran,Balıkesir,39.56771,27.10742
Karesi,Balıkesir,39.76648,27.8357
Kepsut,Balıkesir,39.69819,28.16237
Manyas,Balıkesir,40.05561,27.97829
Marmara,Balıkesir,40.60123,27.58355
Savaştepe,Balıkesir,39.3926,27.66367
Susurluk,Balıkesir,39.92336,28.14376
Sındırgı,Balıkesir,39.25061,28.18647
İvrindi,Balıkesir,39.59319,27.4959
Amasra,Bartın,41.73791,32.39455
Bartin,Bartın,41.57101,32.40102
Kurucaşile,Bartın,41.8288,32.71937
Ulus,Bartın,41.59373,32.65066
Batman,Batman,37.84362,41.18341
Beşiri,Batman,37.85722,41.39306
Gercüş,Batman,37.59139,41.33278
Hasankeyf,Batman,37.69694,41.49972
Kozluk,Batman,38.19249,41.48705
Sason,Batman,38.3346,41.41993
Aydıntepe,Bayburt,40.39137,40.14729
Bayburt,Bayburt,40.25323,40.28146
Demirözü,Bayburt,40.1656,39.89343
Bilecik,Bilecik,40.1608,29.94885
Bozüyük,Bilecik,39.91806,30.05113
Gölpazarı,Bilecik,40.29553,30.33386
Osmaneli,Bilecik,40.36742,30.02683
Pazaryeri,Bilecik,40.00444,29.92051
Söğüt,Bilecik,40.02479,30.173
Yenipazar,Bilecik,40.18944,30.50821
İnhisar,Bilecik,40.05091,30.38368
Adaklı,Bingöl,39.2287,40.48252
Bingol,Bingöl,38.95025,40.52802
Genç,Bingöl,38.75972,40.56639
Karlıova,Bingöl,39.2978,41.01342
Kiğı,Bingöl,39.30894,40.34995
Solhan,Bingöl,38.96965,41.05604
Yayladere,Bingöl,39.19878,40.09336
Yedisu,Bingöl,39.43404,40.54482
Adilcevaz,Bitlis,38.80582,42.73654
Ahlat,Bitlis,38.75452,42.48809
Bitlis,Bitlis,38.31702,42.10065
Güroymak,Bitlis,38.57743,42.01997
Hizan,Bitlis,38.226,42.42491
Mutki,Bitlis,38.40978,41.92298
Tatvan,Bitlis,38.49535,42.28578
Bolu,Bolu,40.7366,31.65939
Dörtdivan,Bolu,40.7304,32.07079
Gerede,Bolu,40.71364,32.31263
Göynük,Bolu,40.41056,30.79181
Kıbrıscık,Bolu,40.41777,31.85584
Mengen,Bolu,40.94849,32.06535
Mudurnu,Bolu,40.48344,31.21412
Seben,Bolu,40.42162,31.58299
Yeniçağa,Bolu,40.77767,32.0492
Altınyayla,Burdur,37.0072,29.5505
Ağlasun,Burdur,37.65962,30.53833
Bucak,Burdur,37.47032,30.59956
Burdur,Burdur,37.62762,30.20408
Gölhisar,Burdur,37.15628,29.51406
Karamanlı,Burdur,37.38401,29.82777
Kemer,Burdur,37.36333,30.06748
Tefenni,Burdur,37.32038,29.78034
Yeşilova,Burdur,37.51831,29.75859
Çavdır,Burdur,37.16483,29.69937
Çeltikçi,Burdur,37.53885,30.46823
Büyükorhan,Bursa,39.78223,28.89338
Gemlik,Bursa,40.43468,29.18966
Gürsu,Bursa,40.25498,29.21183
Harmancık,Bursa,39.67743,29.15523
Karacabey,Bursa,40.22288,28.36656
Keles,Bursa,39.92363,29.23644
Kestel,Bursa,40.18218,29.28916
Mudanya,Bursa,40.33342,28.77218
Mustafakemalpaşa,Bursa,40.04973,28.41833
Nilüfer,Bursa,40.21375,28.98464
Orhaneli,Bursa,39.91406,28.9979
Orhangazi,Bursa,40.49979,29.31207
Osmangazi,Bursa,40.14132,29.01827
Yenişehir,Bursa,40.27425,29.65764
Yıldırım,Bursa,40.2049,29.12715
İnegöl,Bursa,40.01193,29.53678
İznik,Bursa,40.4394,29.72644
Ayvacık,Çanakkale,39.61192,26.42314
Bayramiç,Çanakkale,39.81951,26.6249
Biga,Çanakkale,40.26921,27.20841
Bozcaada,Çanakkale,39.82409,26.04069
Canakkale,Çanakkale,40.05093,26.49489
Eceabat,Çanakkale,40.17861,26.35775
Ezine,Çanakkale,39.79679,26.35702
Gelibolu,Çanakkale,40.45567,26.64442
Gökçeada,Çanakkale,40.16523,25.85907
Lâpseki,Çanakkale,40.3528,26.70657
Yenice,Çanakkale,39.94217,27.26532
Çan,Çanakkale,40.04404,27.06645
Acıpayam,Denizli,37.43536,29.36146
Babadağ,Denizli,37.81823,28.8682
Baklan,Denizli,37.9876,29.62032
Bekilli,Denizli,38.24027,29.42559
Beyağaç,Denizli,37.24546,28.90041
Bozkurt,Denizli,37.77583,29.60811
Buldan,Denizli,38.05536,28.84007
Güney,Denizli,38.16454,29.07324
Honaz,Denizli,37.77146,29.34466
Kale,Denizli,37.44537,28.85582
Merkezefendi,Denizli,37.8061,29.01562
Pamukkale,Denizli,37.96709,29.08635
Sarayköy,Denizli,37.9158,28.87999
Serinhisar,Denizli,37.59127,29.27246
Tavas,Denizli,37.58387,29.0797
Çal,Denizli,38.09371,29.40467
Çameli,Denizli,37.0866,29.35225
Çardak,Denizli,37.77485,29.70593
Çivril,Denizli,38.31191,29.7243
Bağlar,Diyarbakır,37.87253,40.11275
Bismil,Diyarbakır,37.86528,40.77722
Dicle,Diyarbakır,38.37138,40.07086
Ergani,Diyarbakır,38.26521,39.75965
Eğil,Diyarbakır,38.25688,40.08345
Hani,Diyarbakır,38.41143,40.39634
Hazro,Diyarbakır,38.25412,40.77866
Kayapınar,Diyarbakır,37.938,40.1731
Kocaköy,Diyarbakır,38.28801,40.49845
Kulp,Diyarbakır,38.49709,41.01073
Lice,Diyarbakır,38.46131,40.64714
Silvan,Diyarbakır,38.14134,41.01261
Sur,Diyarbakır,37.91356,40.23743
Yenişehir,Diyarbakır,37.92473,40.2281
Çermik,Diyarbakır,38.13604,39.4524
Çüngüş,Diyarbakır,38.2118,39.28824
Çınar,Diyarbakır,37.72562,40.41484
Akçakoca,Düzce,41.08053,31.12966
Cumayeri,Düzce,40.88176,30.94094
Duzce,Düzce,40.81697,31.1809
Gölyaka,Düzce,40.78644,31.00276
Gümüşova,Düzce,40.8564,30.94935
Kaynaşlı,Düzce,40.77908,31.31135
Yığılca,Düzce,40.96497,31.45672
Çilimli,Düzce,40.90267,31.05913
Edirne,Edirne,41.69002,26.58659
Enez,Edirne,40.73389,26.10243
Havsa,Edirne,41.55981,26.83394
Keşan,Edirne,40.86611,26.64424
Lâlapaşa,Edirne,41.85056,26.74865
Meriç,Edirne,41.20174,26.43499
Süloğlu,Edirne,41.77956,26.92602
Uzunköprü,Edirne,41.27681,26.69645
İpsala,Edirne,40.93204,26.39781
Alacakaya,Elazığ,38.46326,39.85514
Arıcak,Elazığ,38.56421,40.13506
Ağın,Elazığ,38.93846,38.67253
Baskil,Elazığ,38.56695,38.82357
Elazig,Elazığ,38.6679,39.21567
Karakoçan,Elazığ,38.95527,40.04053
Keban,Elazığ,38.79438,38.73773
Kovancılar,Elazığ,38.71883,39.8652
Maden,Elazığ,38.39354,39.67252
Palu,Elazığ,38.69286,39.92652
Sivrice,Elazığ,38.44921,39.30582
Erzincan,Erzincan,39.70817,39.47571
Kemah,Erzincan,39.60123,39.03422
Kemaliye,Erzincan,39.27163,38.50588
Otlukbeli,Erzincan,39.97213,40.02139
Refahiye,Erzincan,39.90132,38.76745
Tercan,Erzincan,39.77812,40.38505
Çayırlı,Erzincan,39.80454,40.03724
Üzümlü,Erzincan,39.70943,39.70125
İliç,Erzincan,39.45587,38.56409
Aziziye,Erzurum,39.94028,41.11153
Aşkale,Erzurum,39.93082,40.68718
Horasan,Erzurum,40.04228,42.16723
Hınıs,Erzurum,39.36104,41.69717
Karayazı,Erzurum,39.70292,42.14503
Karaçoban,Erzurum,39.35157,42.1097
Köprüköy,Erzurum,39.97178,41.86804
Narman,Erzurum,40.34492,41.87003
Oltu,Erzurum,40.54562,41.99582
Olur,Erzurum,40.82661,42.13229
Palandöken,Erzurum,39.8556,41.27975
Pasinler,Erzurum,39.97735,41.67848
Pazaryolu,Erzurum,40.41377,40.77253
Tekman,Erzurum,39.64998,41.5116
Tortum,Erzurum,40.29699,41.55084
Uzundere,Erzurum,40.53175,41.54826
Yakutiye,Erzurum,40.00132,41.30997
Çat,Erzurum,39.61055,40.97851
İspir,Erzurum,40.48305,40.99837
Şenkaya,Erzurum,40.56221,42.34524
Alpu,Eskişehir,39.77889,30.97022
Beylikova,Eskişehir,39.69736,31.21207
Günyüzü,Eskişehir,39.3941,31.814
Han,Eskişehir,39.16895,30.86661
Mahmudiye,Eskişehir,39.50724,30.99247
Mihalgazi,Eskişehir,40.03715,30.58375
Mihalıçcık,Eskişehir,39.87564,31.50091
Odunpazarı,Eskişehir,39.76699,30.54113
Sarıcakaya,Eskişehir,40.04671,30.61994
Seyitgazi,Eskişehir,39.45397,30.70082
Sivrihisar,Eskişehir,39.45941,31.52476
Tepebaşı,Eskişehir,39.7843,30.50206
Çifteler,Eskişehir,39.3927,31.04354
İnönü,Eskişehir,39.82531,30.16043
Araban,Gaziantep,37.42559,37.78175
Karkamış,Gaziantep,36.86417,37.92222
Nizip,Gaziantep,37.011,37.79496
Nurdağı,Gaziantep,37.18402,36.73595
Oğuzeli,Gaziantep,36.88167,37.56278
Yavuzeli,Gaziantep,37.32339,37.56956
İslahiye,Gaziantep,36.96528,36.70972
Şahinbey,Gaziantep,37.03741,37.37822
Şehitkamil,Gaziantep,37.17217,37.36974
Alucra,Giresun,40.31924,38.76528
Bulancak,Giresun,40.93805,38.23148
Dereli,Giresun,40.613,38.39
Doğankent,Giresun,40.80802,38.91695
Espiye,Giresun,40.9485,38.70734
Eynesil,Giresun,41.06331,39.15904
Giresun,Giresun,40.8266,38.36085
Görele,Giresun,41.02636,39.00724
Güce,Giresun,40.89368,38.80855
Keşap,Giresun,40.91387,38.51442
Piraziz,Giresun,40.95643,38.11667
Tirebolu,Giresun,41.00633,38.8498
Yağlıdere,Giresun,40.85711,38.63242
Çamoluk,Giresun,40.13418,38.73389
Çanakçı,Giresun,40.86,39.05
Şebin Karahisar,Giresun,40.29456,38.4145
Gumushane,Gümüşhane,40.46843,39.67441
Kelkit,Gümüşhane,40.12952,39.4371
Köse,Gümüşhane,40.21025,39.65402
Kürtün,Gümüşhane,40.69966,39.09801
Torul,Gümüşhane,40.56034,39.29671
Şiran,Gümüşhane,40.19084,39.12484
Derecik,Hakkâri,37.10426,44.34891
Doski Aşireti Bölgesi,Hakkâri,37.38814,44.08572
Hakkari,Hakkâri,37.56726,43.68949
Yüksekova,Hakkâri,37.54627,44.25827
Çukurca,Hakkâri,37.25492,43.62121
Şemdinni,Hakkâri,37.31325,44.58016
Altınözü,Hatay,36.11536,36.24688
Antakya,Hatay,36.24444,36.20111
Arsuz,Hatay,36.41134,35.8916
Belen,Hatay,36.49222,36.19342
Defne,Hatay,36.15501,36.13829
Dörtyol,Hatay,36.83421,36.22773
Erzin,Hatay,36.95235,36.19616
Hassa,Hatay,36.79805,36.52135
Kumlu,Hatay,36.36508,36.45526
Kırıkhan,Hatay,36.52444,36.43639
Payas,Hatay,36.76426,36.21343
Reyhanlı,Hatay,36.26359,36.56843
Samandağ,Hatay,36.08421,35.97233
Yayladağı,Hatay,35.95167,36.0975
İskenderun,Hatay,36.62235,36.261
Aksu,Isparta,37.80973,31.08441
Atabey,Isparta,37.96125,30.64521
Eğirdir,Isparta,37.88511,30.81863
Gelendost,Isparta,38.13199,31.0241
Gönen,Isparta,37.96632,30.52367
Isparta,Isparta,37.76371,30.64112
Keçiborlu,Isparta,37.9528,30.29164
Senirkent,Isparta,38.11409,30.5547
Sütçüler,Isparta,37.5112,30.95661
Uluborlu,Isparta,38.08856,30.45698
Yalvaç,Isparta,38.30578,31.19042
Yenişarbademli,Isparta,37.71936,31.37182
Şarkîkaraağaç,Isparta,38.09023,31.37696
Adalar,İstanbul,40.86913,29.12064
Arnavutköy,İstanbul,41.19674,28.73405
Ataşehir,İstanbul,40.99104,29.13471
Avcılar,İstanbul,41.02355,28.7186
Bahçelievler,İstanbul,41.00652,28.84099
Bakırköy,İstanbul,40.98388,28.83541
Bayrampaşa,İstanbul,41.04691,28.90278
Bağcılar,İstanbul,41.04275,28.83625
Başakşehir,İstanbul,41.09203,28.80203
Beykoz,İstanbul,41.13774,29.16932
Beylikdüzü,İstanbul,41.00322,28.64067
Beyoğlu,İstanbul,41.03786,28.96767
Beşiktaş,İstanbul,41.07122,29.02321
Büyükçekmece,İstanbul,41.04521,28.59573
Esenler,İstanbul,41.07925,28.85235
Esenyurt,İstanbul,41.04,28.66161
Eyüpsultan,İstanbul,41.19904,28.88667
Fatih,İstanbul,41.01746,28.94053
Gaziosmanpaşa,İstanbul,41.07857,28.89679
Güngören,İstanbul,41.01787,28.87882
Kadıköy,İstanbul,40.98229,29.09032
Kartal,İstanbul,40.91197,29.2119
Kâğıthane,İstanbul,41.08319,28.97826
Küçükçekmece,İstanbul,41.04004,28.77736
Maltepe,İstanbul,40.9589,29.17866
Pendik,İstanbul,40.94577,29.33019
Sancaktepe,İstanbul,40.98949,29.2432
Sarıyer,İstanbul,41.21482,29.05678
Silivri,İstanbul,41.18116,28.1989
Sultanbeyli,İstanbul,40.95264,29.26797
Sultangazi,İstanbul,41.11601,28.87632
Tuzla,İstanbul,40.86368,29.31942
Zeytinburnu,İstanbul,41.00824,28.90952
Çatalca,İstanbul,41.29651,28.45419
Çekmeköy,İstanbul,41.03819,29.20029
Ümraniye,İstanbul,41.03482,29.10896
Üsküdar,İstanbul,41.02841,29.05979
Şile,İstanbul,41.12902,29.61845
Şişli,İstanbul,41.06024,28.99428
Aralık,Iğdır,39.88314,44.5233
Igdir,Iğdır,39.8616,44.02216
Karakoyunlu,Iğdır,39.98929,44.19809
Tuzluca,Iğdır,40.03863,43.65212
Afşin,Kahramanmaraş,38.25795,36.91897
Andırın,Kahramanmaraş,37.58791,36.36112
Dulkadiroğlu,Kahramanmaraş,37.58654,36.94673
Ekinözü,Kahramanmaraş,38.07007,37.19414
Elbistan,Kahramanmaraş,38.21542,37.20463
Göksun,Kahramanmaraş,38.03089,36.50239
Nurhak,Kahramanmaraş,37.96638,37.44107
Onikişubat,Kahramanmaraş,37.59002,36.90548
Pazarcık,Kahramanmaraş,37.42073,37.29833
Türkoğlu,Kahramanmaraş,37.38417,36.84626
Çağlayancerit,Kahramanmaraş,37.74976,37.29033
Eflani,Karabük,41.43169,32.94765
Eskipazar,Karabük,40.95207,32.54604
Karabuk,Karabük,41.15367,32.60913
Ovacık,Karabük,41.08029,32.93224
Safranbolu,Karabük,41.26029,32.69928
Yenice,Karabük,41.21014,32.33661
Ayrancı,Karaman,37.37111,33.69291
Başyayla,Karaman,36.76219,32.68863
Ermenek,Karaman,36.65058,32.89698
Karaman,Karaman,37.17383,33.22384
Kazımkarabekir,Karaman,37.24035,32.96413
Sarıveliler,Karaman,36.70177,32.62647
Akyaka,Kars,40.74093,43.61432
Arpaçay,Kars,40.84601,43.32878
Digor,Kars,40.37515,43.41361
Kars,Kars,40.57899,43.20854
Kağızman,Kars,40.14026,43.12003
Sarıkamış,Kars,40.33139,42.59014
Selim,Kars,40.46439,42.7896
Susuz,Kars,40.77929,43.13089
Abana,Kastamonu,41.97738,34.01428
Araç,Kastamonu,41.25152,33.33729
Azdavay,Kastamonu,41.65322,33.3098
Ağlı,Kastamonu,41.69283,33.54487
Bozkurt,Kastamonu,41.95868,34.00441
Cide,Kastamonu,41.85583,33.03977
Daday,Kastamonu,41.48714,33.45798
Devrekani,Kastamonu,41.61355,33.84603
Doğanyurt,Kastamonu,42.00051,33.47343
Hanönü,Kastamonu,41.63731,34.4779
Kastamonu,Kastamonu,41.30961,33.81164
Küre,Kastamonu,41.81643,33.71606
Pınarbaşı,Kastamonu,41.61508,33.11306
Seydiler,Kastamonu,41.6192,33.73254
Taşköprü,Kastamonu,41.51834,34.20272
Tosya,Kastamonu,41.02639,34.04442
Çatalzeytin,Kastamonu,41.93795,34.20285
İhsangazi,Kastamonu,41.20901,33.56968
İnebolu,Kastamonu,41.96616,33.76566
Şenpazar,Kastamonu,41.81651,33.21766
Akkışla,Kayseri,39.01218,36.17905
Bünyan,Kayseri,38.85461,35.85195
Develi,Kayseri,38.26789,35.59161
Felahiye,Kayseri,39.10166,35.57162
Hacılar,Kayseri,38.6571,35.45832
Incesu,Kayseri,38.63789,35.19394
Kocasinan,Kayseri,38.87959,35.3554
Melikgazi,Kayseri,38.77933,35.66076
Pınarbaşı,Kayseri,38.73231,36.38219
Sarıoğlan,Kayseri,39.08765,35.97445
Sarız,Kayseri,38.48015,36.51488
Talas,Kayseri,38.70161,35.56056
Tomarza,Kayseri,38.4578,35.80465
Yahyali,Kayseri,37.9666,35.44012
Yesilhisar,Kayseri,38.33475,35.11795
Özvatan,Kayseri,39.11737,35.71149
Elbeyli,Kilis,36.72556,37.44
Kilis Merkez,Kilis,36.71522,37.12349
Musabeyli,Kilis,36.90472,36.96278
Polateli,Kilis,36.83694,37.15083
Başiskele,Kocaeli,40.64574,29.90015
Darıca,Kocaeli,40.7678,29.37126
Derince,Kocaeli,40.75392,29.82307
Dilovası,Kocaeli,40.77972,29.535
Gebze,Kocaeli,40.89757,29.55055
Gölcük,Kocaeli,40.7201,29.82031
Kandıra,Kocaeli,41.08034,30.15798
Karamürsel,Kocaeli,40.68378,29.60691
Kartepe,Kocaeli,40.75246,30.02787
Körfez,Kocaeli,40.77594,29.79435
Çayırova,Kocaeli,40.82784,29.39014
İzmit,Kocaeli,40.77521,29.94624
Ahırlı,Konya,37.24828,32.12419
Akören,Konya,37.46265,32.37489
Akşehir,Konya,38.3673,31.41983
Altınekin,Konya,38.31787,32.87447
Beyşehir,Konya,37.68668,31.73051
Bozkır,Konya,37.19978,32.25234
Cihanbeyli District,Konya,38.67131,32.92522
Derbent,Konya,38.02403,32.02463
Derebucak,Konya,37.4018,31.51665
Doğanhisar,Konya,38.1565,31.68226
Emirgazi,Konya,37.91229,33.84666
Ereğli,Konya,37.52305,34.05553
Güneysınır,Konya,37.27977,32.73735
Hadim,Konya,36.99794,32.46117
Halkapınar,Konya,37.44361,34.19336
Hüyük,Konya,37.96331,31.6001
Ilgın,Konya,38.28942,31.91916
Kadınhanı,Konya,38.24958,32.2173
Karapınar,Konya,37.72637,33.55759
Karatay,Konya,37.94001,32.99828
Kulu,Konya,39.10536,33.08858
Meram,Konya,37.83984,32.47111
Sarayönü,Konya,38.2703,32.41188
Selcuklu,Konya,38.05761,32.54088
Seydişehir,Konya,37.4293,31.85046
Taşkent,Konya,36.93392,32.49529
Tuzlukçu,Konya,38.48788,31.63047
Yalıhüyük,Konya,37.3111,32.08924
Yunak,Konya,38.82374,31.73748
Çeltik,Konya,39.03388,31.79408
Çumra,Konya,37.58165,32.77971
Altıntaş,Kütahya,39.06932,30.12048
Aslanapa,Kütahya,39.22588,29.88222
Domaniç,Kütahya,39.80935,29.62205
Dumlupınar,Kütahya,38.87639,30.00639
Emet,Kütahya,39.35219,29.27431
Gediz,Kütahya,39.05272,29.41755
Hisarcık,Kütahya,39.25987,29.24134
Kutahya,Kütahya,39.43268,30.07917
Pazarlar,Kütahya,39.00509,29.13593
Simav,Kütahya,39.09822,28.96464
Tavşanlı,Kütahya,39.54897,29.51649
Çavdarhisar,Kütahya,39.20333,29.63094
Şaphane,Kütahya,39.03599,29.22743
Babaeski,Kırklareli,41.44371,27.10458
Demirköy,Kırklareli,41.83567,27.77137
Kirklareli,Kırklareli,41.78246,27.2452
Kofçaz,Kırklareli,41.9547,27.17165
Lüleburgaz,Kırklareli,41.41495,27.37325
Pehlivanköy,Kırklareli,41.35922,26.93445
Pınarhisar,Kırklareli,41.63517,27.52951
Vize,Kırklareli,41.58294,27.77452
Bahşılı,Kırıkkale,39.80979,33.4408
Balışeyh,Kırıkkale,39.92129,33.73186
Delice,Kırıkkale,39.96452,34.03088
Karakeçili,Kırıkkale,39.60471,33.38263
Keskin,Kırıkkale,39.68273,33.61841
Kirikkale,Kırıkkale,39.85269,33.55132
Sulakyurt,Kırıkkale,40.16751,33.72053
Yahşihan,Kırıkkale,39.85992,33.45615
Çelebi,Kırıkkale,39.4747,33.52895
Akpınar,Kırşehir,39.45879,33.96975
Akçakent,Kırşehir,39.63184,34.08468
Boztepe,Kırşehir,39.27979,34.26657
Kaman,Kırşehir,39.36717,33.72784
Kirsehir,Kırşehir,39.15703,34.07987
Mucur,Kırşehir,39.07146,34.3867
Çiçekdağı,Kırşehir,39.61643,34.41834
Akçadağ,Malatya,38.34403,37.97409
Arapgir,Malatya,39.05029,38.50255
Arguvan,Malatya,38.78172,38.26349
Battalgazi,Malatya,38.43932,38.45764
Darende,Malatya,38.55585,37.51378
Doğanyol,Malatya,38.31008,39.03756
Doğanşehir,Malatya,38.09134,37.87687
Hekimhan,Malatya,38.81627,37.93134
Kale,Malatya,38.39773,38.74406
Kuluncak,Malatya,38.88244,37.67181
Pütürge,Malatya,38.1963,38.87418
Yazıhan,Malatya,38.59567,38.17967
Yeşilyurt,Malatya,38.29814,38.24698
Ahmetli,Manisa,38.52888,27.9448
Akhisar,Manisa,38.92552,27.84804
Alaşehir,Manisa,38.36061,28.52385
Demirci,Manisa,39.05699,28.66461
Gölmarmara,Manisa,38.72377,27.92145
Gördes,Manisa,38.94181,28.29427
Kula,Manisa,38.56775,28.64146
Köprübaşı,Manisa,38.75929,28.40928
Kırkağaç,Manisa,39.1161,27.67479
Salihli,Manisa,38.49254,28.15264
Saruhanlı,Manisa,38.76778,27.64714
Sarıgöl,Manisa,38.24859,28.70233
Selendi,Manisa,38.75481,28.87401
Soma,Manisa,39.19629,27.61751
Turgutlu,Manisa,38.51515,27.73515
Yunusemre,Manisa,38.62063,27.40806
Şehzadeler,Manisa,38.6166,27.43861
Artuklu,Mardin,37.31714,40.72473
Dargeçit,Mardin,37.54644,41.72415
Derik,Mardin,37.36431,40.26883
Kızıltepe,Mardin,37.19268,40.58327
Mazıdağı,Mardin,37.48542,40.4985
Midyat,Mardin,37.40056,41.375
Nusaybin,Mardin,37.15694,41.34139
Savur,Mardin,37.53684,40.88886
Yeşilli,Mardin,37.33944,40.82605
Ömerli,Mardin,37.37944,40.99472
Akdeniz,Mersin,36.86424,34.67731
Anamur,Mersin,36.08361,32.82615
Aydıncık,Mersin,36.15358,33.30397
Bozyazı,Mersin,36.11329,32.97886
Erdemli,Mersin,36.61383,34.29601
Gülnar,Mersin,36.3529,33.40308
Mezitli,Mersin,36.894,34.42987
Mut,Mersin,36.71842,33.38718
Silifke,Mersin,36.38869,33.94072
Tarsus,Mersin,37.07328,34.8549
Toroslar,Mersin,36.87083,34.60299
Yenişehir,Mersin,36.81602,34.57621
Çamlıyayla,Mersin,37.18,34.60678
Bodrum,Muğla,37.065,27.49819
Dalaman,Muğla,36.81691,28.87815
Datça,Muğla,36.76885,27.66295
Fethiye,Muğla,36.65483,29.12682
Kavaklıdere,Muğla,37.43929,28.38402
Köyceğiz,Muğla,36.97798,28.72418
Marmaris,Muğla,36.81054,28.17907
Menteşe,Muğla,37.21447,28.36168
Milas,Muğla,37.32699,27.7952
Ortaca,Muğla,36.8389,28.7773
Seydikemer,Muğla,36.64308,29.34929
Ula,Muğla,37.11514,28.42732
Yatağan,Muğla,37.35864,28.11441
Bulanık,Muş,39.09285,42.27316
Hasköy,Muş,38.68464,41.68831
Korkut,Muş,38.73826,41.78689
Malazgirt,Muş,39.15089,42.54543
Mus,Muş,38.83793,41.48332
Varto,Muş,39.1709,41.4544
Acıgöl,Nevşehir,38.56101,34.5173
Avanos,Nevşehir,38.72396,34.85313
Derinkuyu,Nevşehir,38.34622,34.7384
Gülşehir,Nevşehir,38.75561,34.62993
Hacıbektaş,Nevşehir,38.95079,34.56283
Kozaklı,Nevşehir,39.23204,34.85585
Nevsehir,Nevşehir,38.60039,34.68537
Ürgüp,Nevşehir,38.57342,34.9402
Altunhisar,Niğde,38.00044,34.36067
Bor,Niğde,37.8354,34.50313
Nigde,Niğde,38.10332,34.80184
Ulukisla,Niğde,37.54592,34.58737
Çamardı,Niğde,37.84157,34.99005
Çiftlik,Niğde,38.18584,34.47465
Akkuş,Ordu,40.81,36.96
Altınordu,Ordu,40.94879,37.79572
Aybastı,Ordu,40.6969,37.40794
Fatsa,Ordu,41.02211,37.49196
Gölköy,Ordu,40.68726,37.6166
Gülyalı,Ordu,40.96682,38.05679
Gürgentepe,Ordu,40.77452,37.57579
Kabadüz,Ordu,40.85712,37.90597
Kabataş,Ordu,40.75996,37.45875
Korgan,Ordu,40.83503,37.35319
Kumru,Ordu,40.88372,37.2761
Mesudiye,Ordu,40.46419,37.77419
Perşembe,Ordu,41.06068,37.76384
Ulubey,Ordu,40.87352,37.7589
Çamaş,Ordu,40.9084,37.52162
Çatalpınar,Ordu,40.88678,37.44329
Çaybaşı,Ordu,41.02532,37.10867
Ünye,Ordu,41.13921,37.27246
İkizce,Ordu,41.06793,37.08571
Bahçe,Osmaniye,37.20105,36.57687
Düziçi,Osmaniye,37.25062,36.47051
Hasanbeyli,Osmaniye,37.13182,36.55611
Kadirli,Osmaniye,37.38406,36.10284
Osmaniye,Osmaniye,37.09085,36.29198
Sumbas,Osmaniye,37.46169,36.02914
Toprakkale,Osmaniye,37.05037,36.11994
Ardeşen,Rize,41.18557,40.98639
Derepazarı,Rize,41.02212,40.43876
Fındıklı,Rize,41.2711,41.14449
Güneysu,Rize,40.97526,40.60757
Hemşin,Rize,41.05922,40.9014
Kalkandere,Rize,40.92143,40.43999
Pazar,Rize,41.17286,40.88398
Rize,Rize,40.94992,40.56318
Çamlıhemşin,Rize,41.04088,41.02071
Çayeli,Rize,41.08941,40.73696
İkizdere,Rize,40.77713,40.56076
İyidere,Rize,41.00905,40.37776
Adapazarı,Sakarya,40.78343,30.39986
Akyazı,Sakarya,40.696,30.62803
Arifiye,Sakarya,40.71327,30.36128
Erenler,Sakarya,40.75564,30.41453
Ferizli,Sakarya,40.95092,30.48912
Geyve,Sakarya,40.51701,30.29645
Hendek,Sakarya,40.80938,30.73915
Karapürçek,Sakarya,40.65188,30.54509
Karasu,Sakarya,41.09983,30.68241
Kaynarca,Sakarya,41.04048,30.29619
Kocaali,Sakarya,41.06361,30.85815
Pamukova,Sakarya,40.51806,30.17288
Sapanca,Sakarya,40.70222,30.27443
Serdivan,Sakarya,40.76371,30.36784
Söğütlü,Sakarya,40.9161,30.47824
Taraklı,Sakarya,40.40685,30.50001
Alaçam,Samsun,41.61563,35.60632
Asarcık,Samsun,41.04687,36.20732
Atakum,Samsun,41.3473,36.23051
Ayvacık,Samsun,41.00237,36.63706
Bafra,Samsun,41.46082,35.84435
Canik,Samsun,41.23858,36.33694
Havza,Samsun,40.97972,35.67107
Kavak,Samsun,41.08777,36.05183
Ladik,Samsun,40.92025,35.90095
Ondokuzmayıs,Samsun,41.51188,36.07298
Salıpazarı,Samsun,41.09352,36.81718
Tekkeköy,Samsun,41.14493,36.46205
Terme,Samsun,41.21876,36.98263
Vezirköprü,Samsun,41.15193,35.4623
Yakakent,Samsun,41.61824,35.52014
Çarşamba,Samsun,41.2105,36.73204
İlkadım,Samsun,41.29161,36.30106
Baykan,Siirt,38.16315,41.78407
Eruh,Siirt,37.74606,42.17507
Kurtalan,Siirt,37.9244,41.70083
Pervari,Siirt,37.87222,42.57111
Siirt Merkez,Siirt,37.92028,41.91472
Tillo,Siirt,37.94962,42.01147
Şirvan,Siirt,38.06289,42.02778
Ayancık,Sinop,41.83,34.6
Boyabat,Sinop,41.47914,34.77175
Dikmen,Sinop,41.65994,35.27048
Durağan,Sinop,41.42556,35.05791
Erfelek,Sinop,41.88907,34.92652
Gerze,Sinop,41.80997,35.19035
Saraydüzü,Sinop,41.33732,34.85369
Sinop,Sinop,41.91835,35.00687
Türkeli,Sinop,41.94197,34.34821
Akıncılar,Sivas,40.07866,38.34618
Altınyayla,Sivas,39.28233,36.75681
Divriği,Sivas,39.37924,38.12144
Doğanşar,Sivas,40.21408,37.53599
Gemerek,Sivas,39.19397,36.07783
Gölova,Sivas,40.0607,38.6084
Gürün,Sivas,38.73288,37.27516
Hafik,Sivas,39.86693,37.3972
Kangal,Sivas,39.24324,37.39731
Koyulhisar,Sivas,40.30113,37.83311
Sivas,Sivas,39.71613,36.97695
Suşehri,Sivas,40.16338,38.08926
Ulaş,Sivas,39.45456,37.04541
Yıldızeli,Sivas,39.87601,36.60652
Zara,Sivas,39.82406,37.77499
İmranlı,Sivas,39.88524,38.12015
Şarkışla,Sivas,39.36171,36.41827
Ergene,Tekirdağ,41.203,27.779
Hayrabolu,Tekirdağ,41.22445,27.11951
Kapaklı,Tekirdağ,41.33864,27.97711
Malkara,Tekirdağ,40.90052,26.91367
Marmara Ereğlisi,Tekirdağ,40.98021,27.94102
Muratlı,Tekirdağ,41.18345,27.51454
Saray,Tekirdağ,41.45475,27.93734
Süleymanpaşa,Tekirdağ,40.9799,27.30377
Çerkezköy,Tekirdağ,41.28616,27.99969
Çorlu,Tekirdağ,41.1418,27.81529
Şarköy,Tekirdağ,40.62513,27.10069
Almus,Tokat,40.38643,36.91284
Artova,Tokat,40.12681,36.30728
Başçiftlik,Tokat,40.55728,37.17674
Erbaa,Tokat,40.7139,36.59364
Niksar,Tokat,40.60509,36.97174
Pazar,Tokat,40.28704,36.29192
Reşadiye,Tokat,40.43284,37.37652
Sulusaray,Tokat,40.00491,36.08976
Tokat,Tokat,40.28782,36.57486
Turhal,Tokat,40.39839,36.08736
Yeşilyurt,Tokat,39.99916,36.23479
Zile,Tokat,40.31426,35.89399
Akçaabat,Trabzon,41.0197,39.56293
Araklı,Trabzon,40.74,39.96
Arsin,Trabzon,40.86743,39.92938
Beşikdüzü,Trabzon,41.0511,39.229
Dernekpazarı,Trabzon,40.79913,40.24725
Düzköy,Trabzon,40.87241,39.42587
Hayrat,Trabzon,40.89137,40.3676
Köprübaşı,Trabzon,40.80845,40.1228
Maçka,Trabzon,40.72127,39.59786
Of,Trabzon,40.94694,40.26938
Ortahisar,Trabzon,40.988,39.713
Sürmene,Trabzon,40.91102,40.12009
Tonya,Trabzon,40.88523,39.28992
Vakfıkebir,Trabzon,40.99562,39.32627
Yomra,Trabzon,40.9549,39.86567
Çarşıbaşı,Trabzon,41.04203,39.40035
Çaykara,Trabzon,40.74564,40.24191
Şalpazarı,Trabzon,40.94614,39.17804
Hozat,Tunceli,39.1078,39.2188
Mazgirt,Tunceli,39.01913,39.60473
Nazımiye,Tunceli,39.17952,39.82805
Ovacık,Tunceli,39.35783,39.21628
Pertek,Tunceli,38.86503,39.32734
Pülümür,Tunceli,39.48662,39.89874
Tunceli,Tunceli,39.17114,39.5557
Çemişgezek,Tunceli,39.06234,38.914
Banaz,Uşak,38.74669,29.75798
Eşme,Uşak,38.4093,28.97578
Karahallı,Uşak,38.3309,29.53923
Sivaslı,Uşak,38.50848,29.69016
Ulubey,Uşak,38.4296,29.2964
Usak,Uşak,38.68463,29.29455
Bahçesaray,Van,38.12635,42.80493
Başkale,Van,38.05305,44.02163
Edremit,Van,38.37889,43.29717
Erciş,Van,39.15123,43.33705
Gevaş,Van,38.2939,43.1053
Gürpınar,Van,38.32396,43.41036
Muradiye / Berkri,Van,38.97889,43.75374
Saray,Van,38.65513,44.17731
Tuşba,Van,38.52723,43.37418
Çaldıran,Van,39.15053,43.91415
Çatak,Van,38.0078,43.06195
Özalp,Van,38.66283,43.99603
İpekyolu,Van,38.5407,43.56962
Altınova,Yalova,40.70478,29.51606
Armutlu,Yalova,40.52919,28.83871
Termal,Yalova,40.61381,29.18049
Yalova,Yalova,40.60665,29.26346
Çiftlikköy,Yalova,40.65302,29.33946
Çınarcık,Yalova,40.63669,29.13881
Akdağmadeni,Yozgat,39.66404,35.89747
Aydıncık,Yozgat,40.13734,35.29459
Boğazlıyan,Yozgat,39.19627,35.2542
Kadışehri,Yozgat,40.00551,35.798
Saraykent,Yozgat,39.70389,35.51628
Sarıkaya,Yozgat,39.4985,35.39262
Sorgun,Yozgat,39.82022,35.19205
Yenifakılı,Yozgat,39.21073,35.01459
Yerköy,Yozgat,39.64415,34.48386
Yozgat,Yozgat,39.80309,34.80404
Çandır,Yozgat,39.25445,35.52284
Çayıralan,Yozgat,39.31377,35.6516
Çekerek,Yozgat,40.08331,35.49869
Şefaatli,Yozgat,39.5008,34.76388
Alaplı,Zonguldak,41.17793,31.38662
Devrek,Zonguldak,41.22818,31.96519
Ereğli,Zonguldak,41.23807,31.60581
Gökçebey,Zonguldak,41.31339,32.14981
Kilimli,Zonguldak,41.48238,31.83392
Kozlu,Zonguldak,41.43243,31.7492
Zonguldak,Zonguldak,41.3756,31.88623
Çaycuma,Zonguldak,41.43664,32.08457
Atkaracalar,Çankırı,40.8256,33.08202
Bayramören,Çankırı,40.95121,33.20992
Cankiri,Çankırı,40.53247,33.76559
Eldivan,Çankırı,40.53921,33.50574
Ilgaz,Çankırı,40.93351,33.61542
Korgun,Çankırı,40.7456,33.52411
Kurşunlu,Çankırı,40.84739,33.2735
Kızılırmak,Çankırı,40.35504,33.99317
Orta,Çankırı,40.63413,33.11458
Yapraklı,Çankırı,40.76858,33.78379
Çerkeş,Çankırı,40.82165,32.90005
Şabanözü,Çankırı,40.48333,33.28333
Alaca,Çorum,40.17835,34.84968
Bayat,Çorum,40.6559,34.26433
Boğazkale,Çorum,40.03031,34.61745
Corum,Çorum,40.50905,34.85791
Dodurga,Çorum,40.86324,34.81455
Kargı,Çorum,41.14377,34.49342
Laçin,Çorum,40.77792,34.90625
Mecitözü,Çorum,40.52774,35.2877
Ortaköy,Çorum,40.28295,35.25879
Osmancık,Çorum,41.0024,34.78243
Oğuzlar,Çorum,40.76323,34.70813
Sungurlu,Çorum,40.18213,34.28217
Uğurludağ,Çorum,40.45567,34.45627
İskilip,Çorum,40.74363,34.47911
Aliağa,İzmir,38.80078,27.04375
Balçova,İzmir,38.3991,27.04174
Bayraklı,İzmir,38.46222,27.16667
Bayındır,İzmir,38.227,27.65522
Bergama,İzmir,39.17088,27.18918
Beydağ,İzmir,38.08241,28.21609
Bornova,İzmir,38.48492,27.25235
Buca,İzmir,38.34813,27.25053
Dikili,İzmir,39.0784,26.90689
Foça,İzmir,38.67849,26.77214
Gaziemir,İzmir,38.31098,27.15178
Güzelbahçe,İzmir,38.37046,26.8693
Karabağlar,İzmir,38.36912,27.12696
Karaburun,İzmir,38.63546,26.49645
Karşıyaka,İzmir,38.46775,27.11502
Kemalpaşa,İzmir,38.40883,27.491
Kiraz,İzmir,38.24086,28.2138
Konak,İzmir,38.41448,27.14412
Kınık,İzmir,39.09692,27.38829
Menderes,İzmir,38.15525,27.11896
Menemen,İzmir,38.61608,27.06315
Narlıdere,İzmir,38.38957,27.02431
Seferihisar,İzmir,38.18144,26.88877
Selçuk,İzmir,37.95765,27.38072
Tire,İzmir,38.06582,27.7273
Torbalı,İzmir,38.17603,27.37182
Urla,İzmir,38.33256,26.76883
Çeşme,İzmir,38.31658,26.32101
Çiğli,İzmir,38.48802,26.96596
Ödemiş,İzmir,38.23819,27.9801
Akçakale,Şanlıurfa,36.76139,38.96944
Birecik,Şanlıurfa,37.03387,37.99658
Bozova,Şanlıurfa,37.37074,38.53343
Ceylanpınar,Şanlıurfa,36.91944,39.905
Eyyübiye,Şanlıurfa,37.142,38.786
Halfeti,Şanlıurfa,37.25397,37.8794
Haliliye,Şanlıurfa,37.168,38.79599
Harran,Şanlıurfa,36.84306,39.21833
Hilvan,Şanlıurfa,37.59383,38.96
Karaköprü,Şanlıurfa,37.20786,38.71773
Siverek,Şanlıurfa,37.76186,39.32024
Suruç,Şanlıurfa,36.97681,38.4262
Viranşehir,Şanlıurfa,37.23103,39.76247
Beytüşşebap,Şırnak,37.57144,43.16515
Cizre,Şırnak,37.32785,42.18721
Güçlükonak,Şırnak,37.47133,41.91298
Silopi,Şırnak,37.24978,42.47173
Uludere,Şırnak,37.44615,42.85222
İdil,Şırnak,37.34178,41.88824
Şırnak,Şırnak,37.53278,42.38917
